Rank,GM,optaTeamId,team,leagueId,league,week,SubOff,SubOn,GWG,SOG,SOTInBox,SOTOBox,BlkdInBox,BlkdOutBox,Off,OffTgtOBox,OffTgtInBox,PenTaken,PenGoal,ShotDirFK,GoalDirFK,GoalInBx,GoalOBx,GoalOP,GoalHead,OfTgHd,SOTHead,GoalLF,GoalRF,ShotLF,ShotRF,PsOpHfFl,PsOnHfFl,PsAtt,PsOnHfScs,PsOpHfScs,ExpG,Goal,Ast,ExpA,BgChnc,BgChncCrtd,ChncSetPl,ChncOpnPl,Chance,1v1,1v1InBox,Sc1v1InBox,SucflDuels,Success1v1,ThrghBalls,ThrghBlCmp,Touches,DuelLs,FailTackle,SucflTkls,Int,DefTouch,TcklMade%,Clrnce,HeadClear,Recovery,FlComA3,FlComD3,FlComM3,FlSufA3,FlSufD3,FlSufM3,Offsides,CleanSheet,CrossPunch,ErrGoal,ErrShot,Cleared,KeeperCtch,GoalCncd,GoalCnIBx,GoalCnOBx,PensWon,Saves,SvBody,SvCght,SvClct,SvDive,SvFeet,SvFTip,SvHands,SvInBox,SvOutBox,SvPrdDng,SvPrdSaf,SvReach,SvStand,SvStoop,2ndYellow,Red,Yellow,BgChncFace,Turnover,Disposs,TchsA3,TchsD3,TchsM3,TouchOpBox,%PassFwd,Pass%,PsCmpM3,PsCmpA3,PsCmpD3,PsAttA3,PsAttD3,PsAttM3,Pull Back Passes Completed,PsDist,ChlngeLost,Aerial%,Aerials,ExpGAg,Average Shot Distance Open Play,PullBk,BgChnc,BgChncGoal,CrossOpen,Crosses,FwdPassCmp%,DefTouchD3,DefTouchM3,DefTouchA3,Open Play xG,Set Piece XG,NonPenxG,Key Passes,Defensive Blocks,game,date,gameId,oppOptaTeamId,scatterId,scatterExtra
1,1,15377,Forge,6lkj3o21cr4g7bql6tb3fk222,Canadian Premier League (Canada),,5,5,0,4,2,2,2,1,2,1,0,0,0,0,0,2,0,2,1,1,1,0,1,2,2,63,39,374,164,108,0.89,2,1,0.67,1,1,2,5,7,17,1,1,55,6,0,0,559,62,6,7,12,51,56.5%,26,15,44,5,4,8,3,5,11,3,0,0,0,0,0,1,2,2,0,0,4,0,0,2,2,0,0,4,3,1,0,2,0,0,2,0,0,4,3,12,5,104,261,194,13,43.0%,72.7%,116,39,117,51,178,145,0,21.3,10,37.8%,45,1.74,16,0,1,1,6,9,50.3%,43,6,2,0.78,0.11,0.89,6,3,FOR vs CAV,2020-08-14,7st0tt53e4ksjueglfgouulg4,15381,c2pdzdl3dgf5b0siidn2ay5ii:2126218,FOR vs CAV (2020-08-14)
1,1,15381,Cavalry,6lkj3o21cr4g7bql6tb3fk222,Canadian Premier League (Canada),,5,5,0,6,5,1,3,1,4,4,0,1,1,0,0,2,0,0,1,0,3,1,0,3,4,76,26,398,166,130,1.74,2,1,0.85,3,2,3,7,10,23,2,0,62,10,1,0,568,55,2,8,6,29,62.5%,13,4,55,5,3,11,3,5,7,0,0,0,0,0,0,0,2,2,0,1,2,0,0,1,1,0,0,2,0,2,1,0,0,1,0,0,0,1,1,6,3,160,181,227,24,41.7%,74.4%,147,55,94,80,131,187,1,20.6,6,62.2%,45,0.89,21,1,3,2,11,17,53.6%,19,6,4,0.58,1.15,0.95,9,3,FOR vs CAV,2020-08-14,7st0tt53e4ksjueglfgouulg4,15377,41ewt71n8fqwy6trsqta1bjvu:2126218,FOR vs CAV (2020-08-14)
3,1,15382,York9,6lkj3o21cr4g7bql6tb3fk222,Canadian Premier League (Canada),,4,4,0,6,4,2,1,2,7,2,3,1,1,2,0,2,0,1,0,2,0,0,2,6,5,46,23,391,145,177,1.98,2,0,0.67,2,0,2,10,12,17,1,1,58,9,0,0,595,36,4,11,17,44,75.0%,10,4,60,5,1,5,4,3,12,0,0,0,0,0,0,0,2,2,0,1,0,0,0,0,0,0,0,0,0,0,0,0,0,0,0,0,0,1,2,2,7,177,158,260,34,40.4%,82.4%,183,55,84,76,109,206,0,20.1,5,69.6%,23,1.35,16,0,2,2,27,36,72.2%,31,11,2,1.01,0.96,1.19,12,1,Y9 vs ATO,2020-08-15,7sxxjco5mob1kgt5i4e2mw00k,16614,cqthcpums3aas2tdy0qhlkuwa:2126220,Y9 vs ATO (2020-08-15)
3,1,15376,HFX Wanderers,6lkj3o21cr4g7bql6tb3fk222,Canadian Premier League (Canada),,4,4,0,5,5,0,0,1,3,0,1,2,2,0,0,2,0,0,0,2,1,0,2,0,5,59,26,325,121,119,2.22,2,0,0.61,3,1,3,3,6,23,0,0,59,16,2,0,525,65,6,13,11,44,51.4%,13,9,56,6,2,7,3,5,6,3,0,1,1,0,0,0,2,2,0,2,2,0,0,1,1,0,0,2,0,2,0,1,0,1,0,0,0,1,2,2,13,138,191,196,21,44.9%,73.8%,113,42,85,60,121,144,1,20.7,18,40.0%,25,1.15,13,1,3,2,14,23,60.3%,27,12,5,0.47,1.75,0.64,6,3,HFX vs PAC,2020-08-15,7t269w4kohpnnx91dmg5bwis4,15380,5gmx3o5y2oc0i6rowjwtu7jvu:2126221,HFX vs PAC (2020-08-15)
3,1,15380,Pacific,6lkj3o21cr4g7bql6tb3fk222,Canadian Premier League (Canada),,5,5,0,4,2,2,3,0,6,3,3,0,0,1,0,2,0,2,0,0,0,1,1,6,4,66,32,504,232,174,1.15,2,2,1.07,2,2,2,9,11,26,1,0,65,18,0,0,707,59,7,12,8,42,54.3%,15,5,49,5,3,6,1,6,6,1,0,0,0,0,0,0,2,2,0,0,2,0,0,2,0,0,0,2,2,0,0,0,1,0,1,0,0,2,3,6,14,166,267,274,21,32.9%,80.6%,174,73,159,87,197,220,0,19.9,16,60.0%,25,2.22,16,0,2,1,13,16,63.3%,30,9,3,1.01,0.13,1.15,9,2,HFX vs PAC,2020-08-15,7t269w4kohpnnx91dmg5bwis4,15376,b3436h8h14zw7f1uv6w9vqf6y:2126221,HFX vs PAC (2020-08-15)
3,1,16614,Atlético Ottawa,6lkj3o21cr4g7bql6tb3fk222,Canadian Premier League (Canada),,3,3,0,2,2,0,0,1,1,1,0,0,0,1,0,2,0,2,0,0,0,1,1,2,1,75,19,425,184,147,1.35,2,2,1.31,2,3,0,3,3,7,0,0,36,5,1,1,580,58,5,9,13,45,60.9%,16,8,50,3,4,12,1,5,5,0,0,0,0,0,0,0,2,2,0,0,4,0,0,2,1,1,0,3,2,2,1,1,0,1,1,1,0,1,2,0,13,135,222,223,11,38.4%,77.9%,151,67,113,83,157,185,2,20.8,9,30.4%,23,1.98,14,2,2,2,10,12,55.2%,34,9,2,1.31,0.04,1.35,1,3,Y9 vs ATO,2020-08-15,7sxxjco5mob1kgt5i4e2mw00k,15382,dn8tjhuq0bax4dgixqvluhzze:2126220,Y9 vs ATO (2020-08-15)
7,1,6925,Edmonton,6lkj3o21cr4g7bql6tb3fk222,Canadian Premier League (Canada),,5,5,0,2,2,0,0,3,8,2,2,0,0,1,0,0,0,0,0,2,0,0,0,6,2,37,15,347,169,126,1.25,0,0,1.09,1,1,5,4,9,24,2,0,44,13,0,0,518,53,4,8,9,50,52.2%,26,13,43,2,5,6,3,3,3,2,0,0,0,0,0,0,2,1,1,0,2,0,0,2,1,0,0,2,1,1,0,0,0,1,0,0,0,0,0,4,6,107,198,213,15,30.3%,85.0%,145,43,107,51,129,167,0,21.2,11,41.7%,24,0.31,18,0,1,0,9,17,71.4%,40,8,2,0.42,0.84,1.25,9,2,FOR vs EDM,2020-08-16,7t5b01x3jsqkkavibyn5aej2s,15377,73xrv2025rnj0t3y9ayp83bec:2126225,FOR vs EDM (2020-08-16)
7,1,15377,Forge,6lkj3o21cr4g7bql6tb3fk222,Canadian Premier League (Canada),,5,5,1,3,1,2,0,2,2,1,1,0,0,0,0,0,1,1,0,0,0,1,0,2,3,56,22,616,277,261,0.31,2,0,0.26,0,0,1,4,5,21,4,0,53,11,0,0,777,44,6,9,7,38,53.6%,15,6,35,3,3,3,5,2,6,0,1,0,0,0,0,1,0,0,0,0,2,0,0,1,0,0,0,2,2,0,0,1,0,0,1,0,0,1,1,4,4,217,214,346,24,32.0%,87.3%,280,114,144,150,160,306,0,18.8,13,58.3%,24,1.25,18,0,0,0,15,23,78.7%,27,7,4,0.26,0.05,0.31,5,3,FOR vs EDM,2020-08-16,7t5b01x3jsqkkavibyn5aej2s,6925,c2pdzdl3dgf5b0siidn2ay5ii:2126225,FOR vs EDM (2020-08-16)
7,1,15378,Valour,6lkj3o21cr4g7bql6tb3fk222,Canadian Premier League (Canada),,5,5,0,0,0,0,1,0,3,2,1,0,0,0,0,0,0,0,0,1,0,0,0,0,2,56,22,321,138,105,0.12,0,0,0.09,0,0,0,3,3,10,1,0,36,4,0,0,466,52,5,6,8,32,61.1%,11,7,35,9,7,7,1,6,5,3,0,0,0,0,0,0,2,2,0,0,1,0,0,0,1,0,0,1,1,0,0,1,0,0,0,0,0,2,3,2,10,87,188,191,6,40.8%,75.7%,114,37,92,50,122,149,0,20.7,7,50.0%,22,1.90,30,0,0,0,8,8,55.0%,24,8,0,0.12,0.00,0.12,3,1,VAL vs CAV,2020-08-16,7t877d5i442n1ar3pg35nz02c,15381,dd2vf0yzjm7jm7cak9tf11sa2:2126228,VAL vs CAV (2020-08-16)
7,1,15381,Cavalry,6lkj3o21cr4g7bql6tb3fk222,Canadian Premier League (Canada),,5,5,1,3,3,0,1,1,3,0,0,1,1,0,0,2,0,1,1,2,1,0,1,1,2,61,21,436,265,89,1.90,2,1,0.83,3,1,4,2,6,14,0,0,52,7,0,0,600,36,8,7,9,38,78.9%,13,7,40,6,1,6,5,8,7,2,1,0,0,0,0,0,0,0,0,1,0,0,0,0,0,0,0,0,0,0,0,0,0,0,0,0,0,3,0,4,6,110,254,236,15,36.0%,81.2%,152,32,170,43,209,184,0,21.0,4,50.0%,22,0.12,8,0,3,2,9,16,58.0%,21,10,7,0.85,1.05,1.11,5,1,VAL vs CAV,2020-08-16,7t877d5i442n1ar3pg35nz02c,15378,41ewt71n8fqwy6trsqta1bjvu:2126228,VAL vs CAV (2020-08-16)
11,1,15382,York9,6lkj3o21cr4g7bql6tb3fk222,Canadian Premier League (Canada),,5,5,0,2,1,1,0,1,5,1,1,0,0,1,0,1,0,1,0,2,0,1,0,3,2,50,20,335,159,106,0.66,1,0,0.45,1,1,2,2,4,12,0,0,37,3,0,0,523,41,5,4,19,62,64.3%,32,17,42,1,3,6,6,3,7,2,0,1,0,0,0,0,1,1,0,0,4,0,0,1,3,1,0,3,4,0,1,2,0,0,1,0,0,1,2,0,7,103,231,189,11,39.7%,79.1%,116,37,112,49,143,143,0,21.8,5,45.0%,20,1.76,21,0,1,0,7,10,57.1%,53,6,3,0.18,0.48,0.66,4,1,PAC vs Y9,2020-08-19,7tas4i6lxq9imfed8t0627m6s,15380,cqthcpums3aas2tdy0qhlkuwa:2126232,PAC vs Y9 (2020-08-19)
11,1,15380,Pacific,6lkj3o21cr4g7bql6tb3fk222,Canadian Premier League (Canada),,4,4,0,4,4,0,0,1,7,1,3,0,0,0,0,1,0,0,1,6,2,0,0,1,2,47,13,343,132,151,1.76,1,1,1.60,2,2,4,4,8,12,0,0,39,5,1,0,526,35,5,10,8,35,78.9%,11,6,37,3,6,7,3,1,5,2,0,1,0,0,0,0,1,1,0,0,1,0,0,1,0,0,0,1,0,1,0,0,0,1,0,0,0,2,1,4,3,177,156,193,20,39.7%,82.5%,131,62,90,78,112,153,0,22.5,4,58.8%,17,0.66,15,0,2,0,28,36,69.9%,23,9,3,0.80,0.97,1.76,7,1,PAC vs Y9,2020-08-19,7tas4i6lxq9imfed8t0627m6s,15382,b3436h8h14zw7f1uv6w9vqf6y:2126232,PAC vs Y9 (2020-08-19)
11,1,15378,Valour,6lkj3o21cr4g7bql6tb3fk222,Canadian Premier League (Canada),,5,5,1,11,8,3,3,2,5,1,2,1,1,1,0,3,1,2,1,3,1,1,2,4,8,31,17,454,207,199,2.26,4,3,1.09,2,1,3,10,13,25,4,0,45,11,1,1,638,37,5,10,10,35,75.0%,7,2,46,3,2,4,6,5,4,0,1,1,0,0,0,0,0,0,0,1,3,0,0,2,1,0,0,3,2,1,1,0,0,2,0,0,0,3,0,6,11,183,216,239,32,34.8%,89.4%,177,88,141,105,160,189,1,18.5,5,80.0%,5,0.50,16,1,2,1,10,18,79.1%,28,7,0,1.25,1.01,1.47,10,3,ATO vs VAL,2020-08-19,7tdd1uok6zk7bgycge748czdg,16614,dd2vf0yzjm7jm7cak9tf11sa2:2126235,ATO vs VAL (2020-08-19)
11,1,16614,Atlético Ottawa,6lkj3o21cr4g7bql6tb3fk222,Canadian Premier League (Canada),,2,2,0,3,2,1,2,1,4,2,1,0,0,2,0,0,0,0,0,1,1,0,0,2,3,40,15,311,143,113,0.50,0,0,0.31,0,0,1,5,6,10,1,0,37,5,0,0,477,45,3,19,6,44,66.7%,15,7,38,5,6,4,2,3,4,0,0,0,0,0,0,0,4,3,1,0,7,0,0,1,5,0,0,7,5,2,1,5,0,1,1,1,0,2,2,0,10,121,171,185,13,37.6%,82.3%,118,49,89,53,111,147,0,20.2,11,20.0%,5,2.26,17,0,0,0,12,13,67.5%,32,8,4,0.35,0.14,0.50,6,5,ATO vs VAL,2020-08-19,7tdd1uok6zk7bgycge748czdg,15378,dn8tjhuq0bax4dgixqvluhzze:2126235,ATO vs VAL (2020-08-19)
15,1,15377,Forge,6lkj3o21cr4g7bql6tb3fk222,Canadian Premier League (Canada),,5,5,0,5,5,0,0,1,4,2,1,1,1,1,0,1,0,0,0,1,0,0,1,2,6,57,22,501,224,198,1.59,1,0,0.31,2,0,1,3,4,22,2,1,44,13,0,0,693,63,8,3,19,42,50.0%,11,6,51,6,2,9,4,7,6,0,0,0,0,0,0,0,1,1,0,1,0,0,0,0,0,0,0,0,0,0,0,0,0,0,0,0,0,2,0,2,20,188,230,275,23,33.5%,84.2%,188,83,151,102,176,223,1,19.6,11,30.0%,10,0.35,17,1,2,1,12,14,67.3%,29,9,4,0.61,0.98,0.80,4,2,HFX vs FOR,2020-08-20,7tg0hh0cm7hvex18ezv8bl4pg,15376,c2pdzdl3dgf5b0siidn2ay5ii:2126238,HFX vs FOR (2020-08-20)
15,1,15376,HFX Wanderers,6lkj3o21cr4g7bql6tb3fk222,Canadian Premier League (Canada),,5,5,0,1,1,0,1,1,4,4,0,0,0,0,0,1,0,1,0,0,0,0,1,0,5,75,21,375,153,126,0.35,1,1,0.30,0,0,0,6,6,17,0,0,63,11,1,1,552,44,6,22,15,64,68.3%,18,8,58,7,4,6,2,6,9,3,0,0,0,0,0,0,1,1,0,0,4,0,0,1,2,1,0,3,4,0,1,2,0,0,1,0,0,3,2,6,8,117,195,240,5,40.3%,74.4%,145,50,84,74,118,183,0,19.8,13,70.0%,10,1.59,20,0,0,0,3,5,52.3%,45,17,2,0.30,0.05,0.35,5,1,HFX vs FOR,2020-08-20,7tg0hh0cm7hvex18ezv8bl4pg,15377,5gmx3o5y2oc0i6rowjwtu7jvu:2126238,HFX vs FOR (2020-08-20)
17,1,6925,Edmonton,6lkj3o21cr4g7bql6tb3fk222,Canadian Premier League (Canada),,4,4,0,0,0,0,0,0,5,2,1,0,0,1,0,0,0,0,0,2,0,0,0,2,1,58,13,235,82,82,0.26,0,0,0.11,0,0,2,0,2,13,0,0,52,6,0,0,417,46,4,7,11,51,64.7%,28,9,41,7,3,7,3,7,5,4,0,0,0,0,0,0,2,2,0,0,3,0,0,1,2,1,0,2,2,1,1,1,0,1,0,0,1,1,5,6,10,71,153,193,7,48.5%,69.8%,89,19,56,30,80,125,0,21.1,6,65.6%,32,2.92,19,0,0,0,4,8,54.4%,38,11,2,0.08,0.18,0.26,2,1,EDM vs CAV,2020-08-21,7tigxj35sgqjbet0qxe22v21g,15381,73xrv2025rnj0t3y9ayp83bec:2126240,EDM vs CAV (2020-08-21)
17,1,15381,Cavalry,6lkj3o21cr4g7bql6tb3fk222,Canadian Premier League (Canada),,3,3,1,5,4,1,0,2,6,0,2,1,1,1,0,2,0,1,0,3,0,1,1,1,7,67,17,592,324,184,2.92,2,1,1.70,5,3,5,6,11,12,0,0,46,6,1,1,760,52,7,7,6,30,70.0%,8,4,45,7,4,5,3,7,6,0,1,0,0,0,0,0,0,0,0,1,0,0,0,0,0,0,0,0,0,0,0,0,0,0,0,0,0,0,0,4,7,116,210,434,19,30.4%,85.8%,316,42,150,51,170,371,0,20.0,6,34.4%,32,0.26,13,0,5,2,14,22,63.9%,18,11,1,1.45,1.47,2.13,10,0,EDM vs CAV,2020-08-21,7tigxj35sgqjbet0qxe22v21g,6925,41ewt71n8fqwy6trsqta1bjvu:2126240,EDM vs CAV (2020-08-21)
19,1,15377,Forge,6lkj3o21cr4g7bql6tb3fk222,Canadian Premier League (Canada),,5,5,1,6,5,1,0,2,6,3,3,0,0,1,0,2,0,2,0,1,2,0,2,2,7,61,26,358,166,105,1.13,2,1,0.94,1,1,2,7,9,23,5,2,61,10,0,0,566,50,4,16,9,47,62.5%,18,12,51,5,0,5,3,6,10,5,0,0,0,0,0,0,1,1,0,0,2,0,0,0,1,0,0,2,2,0,0,2,0,0,1,0,0,1,1,2,9,122,206,238,24,43.0%,75.7%,139,36,96,49,129,180,0,20.9,12,61.9%,21,1.89,18,0,1,1,12,18,56.5%,33,14,0,0.92,0.21,1.13,8,6,FOR vs PAC,2020-08-22,7to1ns52wkgk9irtdbwzdn2ms,15380,c2pdzdl3dgf5b0siidn2ay5ii:2126242,FOR vs PAC (2020-08-22)
19,1,15382,York9,6lkj3o21cr4g7bql6tb3fk222,Canadian Premier League (Canada),,5,5,0,3,1,2,4,2,4,1,2,0,0,0,0,0,0,0,0,1,0,0,0,2,4,59,26,371,136,150,0.72,0,0,0.45,0,0,2,6,8,15,3,0,45,5,0,0,547,40,2,8,7,30,100.0%,13,7,39,9,5,4,6,4,8,0,1,0,0,0,0,0,0,0,0,0,3,0,1,1,2,0,0,3,1,2,0,1,0,1,0,0,0,2,0,4,9,179,161,207,23,36.9%,77.1%,136,70,80,90,108,173,0,20.2,0,66.7%,18,0.60,16,0,0,0,15,28,63.5%,22,2,6,0.51,0.22,0.72,8,3,Y9 vs VAL,2020-08-22,7tlbzq6emywjn0z9q1pwzwxsk,15378,cqthcpums3aas2tdy0qhlkuwa:2126241,Y9 vs VAL (2020-08-22)
19,1,15380,Pacific,6lkj3o21cr4g7bql6tb3fk222,Canadian Premier League (Canada),,4,4,0,4,4,0,3,3,11,3,5,0,0,0,0,1,0,0,0,4,0,0,1,3,8,67,23,405,126,189,1.89,1,0,1.11,1,0,4,14,18,21,1,0,50,12,0,0,612,61,5,16,12,56,67.7%,22,14,56,6,3,11,0,5,5,2,0,1,1,0,0,0,2,2,0,0,4,0,0,3,0,0,0,4,3,1,0,1,0,3,1,0,0,3,1,6,14,181,196,235,23,42.2%,77.8%,150,81,84,96,125,184,0,20.9,10,38.1%,21,1.13,18,0,1,1,17,21,63.2%,43,9,4,0.73,1.16,1.89,18,2,FOR vs PAC,2020-08-22,7to1ns52wkgk9irtdbwzdn2ms,15377,b3436h8h14zw7f1uv6w9vqf6y:2126242,FOR vs PAC (2020-08-22)
19,1,15378,Valour,6lkj3o21cr4g7bql6tb3fk222,Canadian Premier League (Canada),,5,5,0,3,1,2,1,3,4,3,0,0,0,2,0,0,0,0,0,1,0,0,0,0,6,57,24,379,176,122,0.60,0,0,0.37,0,0,1,4,5,5,1,0,39,0,0,0,551,46,7,9,9,44,76.2%,16,8,43,4,6,9,4,9,4,1,1,1,0,0,1,1,0,0,0,0,3,0,0,1,1,0,0,3,1,2,1,1,0,2,0,0,0,2,0,4,8,127,242,182,13,36.7%,78.6%,129,50,119,72,154,153,0,21.1,5,35.3%,17,0.72,22,0,0,0,2,6,64.0%,38,3,3,0.26,0.34,0.60,5,6,Y9 vs VAL,2020-08-22,7tlbzq6emywjn0z9q1pwzwxsk,15382,dd2vf0yzjm7jm7cak9tf11sa2:2126241,Y9 vs VAL (2020-08-22)
23,1,6925,Edmonton,6lkj3o21cr4g7bql6tb3fk222,Canadian Premier League (Canada),,5,5,0,4,3,1,3,1,3,0,0,0,0,0,0,2,0,2,0,2,0,2,0,4,1,41,14,474,216,203,2.25,2,1,1.57,3,2,4,3,7,21,0,0,54,9,0,0,660,52,3,14,11,39,81.0%,8,4,41,9,4,5,5,7,5,0,0,0,0,0,0,0,2,2,0,0,2,0,0,2,1,0,0,2,0,2,0,0,0,1,0,0,0,2,1,6,12,144,187,329,11,30.4%,88.4%,240,61,118,67,135,272,0,19.8,4,52.2%,23,0.76,11,0,3,2,16,24,73.6%,24,10,5,1.63,0.61,2.25,6,2,ATO vs EDM,2020-08-23,7tqr229an5mqpjp1qgvl7e0pg,16614,73xrv2025rnj0t3y9ayp83bec:2126243,ATO vs EDM (2020-08-23)
23,1,16614,Atlético Ottawa,6lkj3o21cr4g7bql6tb3fk222,Canadian Premier League (Canada),,2,2,0,4,2,2,1,1,5,3,1,0,0,1,0,2,0,2,0,1,0,0,2,4,4,58,19,343,103,163,0.76,2,2,0.65,1,1,1,7,8,12,0,0,54,4,0,0,513,56,5,17,11,53,71.0%,17,9,48,7,5,5,4,8,5,3,0,0,1,0,0,1,2,2,0,0,2,0,0,0,1,0,0,2,1,1,1,1,1,0,0,0,0,3,3,4,13,148,180,185,12,42.6%,77.6%,113,85,68,99,103,141,0,18.9,9,48.0%,25,2.25,19,0,1,1,10,14,64.4%,41,8,4,0.55,0.21,0.76,6,3,ATO vs EDM,2020-08-23,7tqr229an5mqpjp1qgvl7e0pg,6925,dn8tjhuq0bax4dgixqvluhzze:2126243,ATO vs EDM (2020-08-23)
25,1,15376,HFX Wanderers,6lkj3o21cr4g7bql6tb3fk222,Canadian Premier League (Canada),,4,4,0,3,3,0,1,2,2,1,1,1,1,0,0,1,0,0,0,0,1,0,1,1,3,77,16,427,199,135,1.20,1,0,0.37,1,0,0,6,6,20,0,0,60,11,0,0,619,60,4,10,5,45,63.6%,20,6,50,7,2,9,0,10,8,3,0,0,0,0,1,0,2,1,1,1,2,0,0,0,1,1,0,1,1,1,0,2,0,0,0,0,0,2,1,0,12,116,204,299,14,36.3%,78.2%,187,39,108,53,137,237,0,19.7,8,59.4%,32,0.56,16,0,1,1,10,15,56.8%,34,10,1,0.34,0.86,0.41,6,2,CAV vs HFX,2020-08-24,7ttg3e5vjj75ni6bxtqwrww7o,15381,5gmx3o5y2oc0i6rowjwtu7jvu:2126244,CAV vs HFX (2020-08-24)
25,1,15381,Cavalry,6lkj3o21cr4g7bql6tb3fk222,Canadian Premier League (Canada),,5,5,1,4,2,2,2,0,2,0,1,0,0,0,0,1,1,2,0,0,0,1,1,3,3,63,33,499,263,140,0.56,2,1,0.45,1,1,2,3,5,16,1,0,60,8,0,0,684,60,10,11,9,44,65.6%,14,4,55,11,1,9,2,7,9,2,0,1,0,0,1,1,1,1,0,0,2,0,0,0,2,0,0,2,2,0,0,2,0,0,0,0,0,1,1,2,7,124,285,275,23,34.9%,80.8%,186,52,165,64,214,221,1,19.7,11,40.6%,32,1.20,18,1,1,0,11,16,63.2%,31,9,4,0.45,0.11,0.56,4,3,CAV vs HFX,2020-08-24,7ttg3e5vjj75ni6bxtqwrww7o,15376,41ewt71n8fqwy6trsqta1bjvu:2126244,CAV vs HFX (2020-08-24)
27,1,15377,Forge,6lkj3o21cr4g7bql6tb3fk222,Canadian Premier League (Canada),,5,5,0,5,4,1,0,1,5,0,2,0,0,1,0,2,0,1,0,5,0,0,2,1,4,55,19,376,178,124,2.26,2,1,0.93,2,0,3,4,7,18,1,0,61,10,1,0,566,56,7,16,4,43,71.9%,13,5,41,5,8,5,6,7,5,1,0,0,0,0,0,1,3,3,0,0,2,0,0,0,1,0,0,2,1,1,0,2,0,1,0,0,0,3,2,4,16,150,196,220,22,38.0%,80.3%,138,47,117,65,138,173,1,18.8,9,55.6%,18,1.73,9,1,2,1,13,22,65.7%,25,10,8,0.37,1.89,2.26,6,1,Y9 vs FOR,2020-08-26,7tyu476shfl4lg1dm54shvt3o,15382,c2pdzdl3dgf5b0siidn2ay5ii:2126246,Y9 vs FOR (2020-08-26)
27,1,15382,York9,6lkj3o21cr4g7bql6tb3fk222,Canadian Premier League (Canada),,4,4,1,5,4,1,1,0,7,5,1,1,1,2,0,3,0,0,1,1,1,0,2,4,6,43,15,297,108,131,1.73,3,1,0.32,2,0,2,5,7,15,0,0,56,9,0,0,498,61,9,13,10,48,68.8%,15,6,35,7,6,5,7,5,5,0,0,0,0,0,0,0,2,2,0,1,3,0,0,0,2,0,0,3,2,1,2,1,0,1,0,0,0,1,2,2,18,131,184,183,17,42.8%,80.5%,113,53,73,63,107,127,0,20.2,10,44.4%,18,2.26,28,0,2,2,14,23,66.9%,31,16,1,0.24,1.49,0.94,6,1,Y9 vs FOR,2020-08-26,7tyu476shfl4lg1dm54shvt3o,15377,cqthcpums3aas2tdy0qhlkuwa:2126246,Y9 vs FOR (2020-08-26)
27,1,15380,Pacific,6lkj3o21cr4g7bql6tb3fk222,Canadian Premier League (Canada),,4,4,1,8,7,1,1,1,4,2,2,0,0,0,0,2,0,2,0,0,2,0,2,5,5,72,19,412,179,142,1.59,2,1,0.74,2,1,0,7,7,14,1,1,46,9,1,1,606,40,4,10,16,48,58.3%,18,11,57,1,3,9,1,6,4,3,1,1,0,0,0,2,0,0,0,0,7,0,0,5,2,0,0,7,5,2,1,1,0,1,4,0,0,1,3,6,9,138,249,219,22,38.8%,77.9%,132,61,128,75,168,169,0,22.0,10,66.7%,18,2.26,17,0,2,2,12,15,58.8%,32,13,3,1.55,0.03,1.59,6,4,PAC vs VAL,2020-08-26,7tw47791fe2i850ddmt0nthqs,15378,b3436h8h14zw7f1uv6w9vqf6y:2126245,PAC vs VAL (2020-08-26)
27,1,15378,Valour,6lkj3o21cr4g7bql6tb3fk222,Canadian Premier League (Canada),,5,5,0,7,5,2,1,3,5,2,2,1,0,0,0,0,0,0,0,1,0,0,0,3,8,76,19,347,152,100,2.26,0,0,0.46,3,0,4,6,10,14,2,2,39,10,1,0,533,45,3,7,17,36,52.6%,7,2,46,6,2,4,3,1,9,1,0,0,0,1,0,0,2,2,0,1,6,0,0,3,2,0,1,5,5,1,0,2,0,3,1,0,0,1,2,4,11,117,193,223,22,38.3%,72.6%,118,34,100,46,136,165,0,23.1,9,33.3%,18,1.59,20,0,3,0,5,13,51.1%,24,9,3,1.17,1.10,1.48,10,2,PAC vs VAL,2020-08-26,7tw47791fe2i850ddmt0nthqs,15380,dd2vf0yzjm7jm7cak9tf11sa2:2126245,PAC vs VAL (2020-08-26)
31,1,6925,Edmonton,6lkj3o21cr4g7bql6tb3fk222,Canadian Premier League (Canada),,5,5,0,3,1,2,2,3,4,2,2,1,0,1,0,0,1,1,0,0,0,0,1,3,4,70,27,537,256,184,1.39,1,0,0.43,2,1,0,6,6,25,2,0,65,11,0,0,750,59,8,14,10,46,66.7%,13,3,52,3,1,6,4,4,10,0,0,0,0,0,0,2,3,3,0,1,1,0,0,1,0,0,0,1,0,1,0,0,0,1,0,0,0,1,3,0,15,146,239,365,17,35.9%,81.9%,239,56,145,74,176,287,0,20.2,11,60.9%,23,1.04,20,0,2,0,13,17,68.4%,21,24,1,0.46,0.93,0.60,6,2,EDM vs HFX,2020-08-27,7u1iuq4d7judbzn8c1gawxp90,15376,73xrv2025rnj0t3y9ayp83bec:2126249,EDM vs HFX (2020-08-27)
31,1,15376,HFX Wanderers,6lkj3o21cr4g7bql6tb3fk222,Canadian Premier League (Canada),,5,5,1,4,3,1,2,0,3,2,0,0,0,0,0,3,0,3,0,1,0,1,2,3,3,61,17,331,115,138,1.04,3,3,1.04,3,3,1,8,10,17,0,0,59,11,1,1,514,65,8,21,16,60,72.5%,15,7,45,4,4,10,1,3,6,1,0,1,0,0,0,0,1,0,1,0,2,0,0,1,1,0,0,2,1,1,0,1,1,0,0,0,0,1,2,0,16,114,153,247,17,45.6%,76.4%,142,50,61,66,93,172,0,19.9,11,39.1%,23,1.39,17,0,3,2,7,12,62.9%,32,21,7,0.95,0.09,1.04,7,5,EDM vs HFX,2020-08-27,7u1iuq4d7judbzn8c1gawxp90,6925,5gmx3o5y2oc0i6rowjwtu7jvu:2126249,EDM vs HFX (2020-08-27)
31,1,15381,Cavalry,6lkj3o21cr4g7bql6tb3fk222,Canadian Premier League (Canada),,3,3,0,4,2,2,1,2,4,1,3,0,0,1,0,0,0,0,0,0,0,0,0,3,5,74,24,486,221,167,0.82,0,0,0.65,1,1,0,7,7,22,0,0,58,12,0,0,682,49,3,17,13,45,74.1%,12,1,51,2,2,10,5,5,4,0,0,0,0,0,1,0,2,1,1,0,0,0,0,0,0,0,0,0,0,0,0,0,0,0,0,0,0,0,0,4,7,178,239,265,19,40.7%,79.8%,178,59,151,85,184,217,0,20.9,7,46.4%,28,0.36,18,0,1,0,23,30,64.6%,27,12,6,0.77,0.05,0.82,7,1,ATO vs CAV,2020-08-27,7u47vp82i9898dpktaf5q6psk,16614,41ewt71n8fqwy6trsqta1bjvu:2126251,ATO vs CAV (2020-08-27)
31,1,16614,Atlético Ottawa,6lkj3o21cr4g7bql6tb3fk222,Canadian Premier League (Canada),,3,3,1,2,1,1,1,0,3,1,1,0,0,1,0,1,1,2,0,1,0,0,2,1,3,65,34,310,102,109,0.36,2,1,0.27,0,0,1,3,4,16,1,0,49,7,0,0,498,57,6,9,9,53,55.6%,23,12,44,5,5,5,2,2,9,3,1,1,0,0,0,0,0,0,0,0,4,0,0,3,1,1,0,3,2,2,0,1,1,1,1,0,0,2,1,2,12,102,182,214,10,48.4%,68.1%,119,39,53,52,100,158,0,19.9,12,55.6%,27,0.82,20,0,0,0,4,6,48.7%,40,10,3,0.23,0.13,0.36,3,3,ATO vs CAV,2020-08-27,7u47vp82i9898dpktaf5q6psk,15381,dn8tjhuq0bax4dgixqvluhzze:2126251,ATO vs CAV (2020-08-27)
35,1,6925,Edmonton,6lkj3o21cr4g7bql6tb3fk222,Canadian Premier League (Canada),,3,3,0,2,2,0,4,1,4,2,1,0,0,0,0,1,0,1,1,1,1,0,0,2,2,64,22,471,188,197,1.04,1,1,0.98,2,2,1,9,10,33,5,2,61,17,1,0,661,51,7,12,5,37,67.9%,12,7,59,4,1,8,1,8,6,1,0,0,0,0,0,0,2,2,0,0,2,0,0,1,2,0,0,2,2,0,1,0,0,0,0,0,0,3,2,6,7,157,194,310,22,38.4%,81.7%,208,65,112,82,141,248,0,20.2,9,47.6%,21,1.27,17,0,2,1,16,21,63.0%,25,9,3,0.91,0.13,1.04,9,0,VAL vs EDM,2020-08-29,7u70ahhsjfxqkqyoibw4kuql0,15378,73xrv2025rnj0t3y9ayp83bec:2126254,VAL vs EDM (2020-08-29)
35,1,15382,York9,6lkj3o21cr4g7bql6tb3fk222,Canadian Premier League (Canada),,3,3,0,4,3,1,3,1,3,2,1,0,0,1,1,0,1,0,0,0,1,0,1,1,5,49,17,583,275,242,0.57,1,0,0.46,0,0,2,7,9,17,1,0,31,2,0,0,742,53,2,5,9,39,43.8%,21,14,41,5,5,9,3,6,5,3,0,0,0,0,0,0,1,0,1,0,1,0,0,1,0,0,0,1,1,0,0,0,0,0,1,0,0,4,2,6,6,141,217,384,14,25.4%,88.7%,318,63,136,83,158,342,0,19.0,9,53.3%,15,1.15,19,0,0,0,10,17,70.9%,31,7,1,0.32,0.26,0.57,9,1,HFX vs Y9,2020-08-29,7ubxnr535nkdppzi934wdbdhw,15376,cqthcpums3aas2tdy0qhlkuwa:2126256,HFX vs Y9 (2020-08-29)
35,1,15376,HFX Wanderers,6lkj3o21cr4g7bql6tb3fk222,Canadian Premier League (Canada),,3,3,0,2,1,1,1,0,2,0,1,0,0,1,1,0,1,0,0,1,1,1,0,1,1,55,6,310,143,106,1.15,1,0,1.10,2,2,1,3,4,9,0,0,53,9,0,0,483,31,3,15,14,52,90.0%,19,9,40,6,3,6,5,5,9,4,0,0,0,0,0,0,1,0,1,0,3,0,1,0,0,0,0,3,3,0,0,2,2,1,0,0,1,3,0,0,7,94,165,224,11,40.6%,80.3%,143,29,77,39,90,181,0,20.0,2,46.7%,15,0.57,10,0,2,0,5,13,61.1%,41,8,3,0.89,0.26,1.15,4,4,HFX vs Y9,2020-08-29,7ubxnr535nkdppzi934wdbdhw,15382,5gmx3o5y2oc0i6rowjwtu7jvu:2126256,HFX vs Y9 (2020-08-29)
35,1,15378,Valour,6lkj3o21cr4g7bql6tb3fk222,Canadian Premier League (Canada),,5,5,1,3,3,0,0,0,3,2,1,1,0,0,0,2,0,0,0,0,0,0,2,0,6,65,18,417,163,171,1.27,2,0,0.34,2,1,0,3,3,22,2,1,51,9,0,0,606,61,5,15,15,57,54.1%,20,8,67,10,1,6,1,4,7,1,0,2,0,0,0,0,1,1,0,1,1,0,0,0,1,0,0,1,1,0,0,1,0,0,0,0,0,3,2,6,9,129,184,293,21,40.3%,80.1%,188,58,88,74,113,230,0,17.5,17,52.4%,21,1.04,21,0,2,0,7,12,66.7%,37,16,4,0.34,0.92,0.48,3,5,VAL vs EDM,2020-08-29,7u70ahhsjfxqkqyoibw4kuql0,6925,dd2vf0yzjm7jm7cak9tf11sa2:2126254,VAL vs EDM (2020-08-29)
39,1,15377,Forge,6lkj3o21cr4g7bql6tb3fk222,Canadian Premier League (Canada),,5,5,1,4,4,0,0,3,7,3,3,0,0,2,0,2,0,1,1,0,1,1,0,6,4,58,18,376,155,145,3.31,2,2,3.09,4,4,4,7,11,26,1,1,60,13,0,0,571,41,4,13,12,51,68.0%,20,11,56,4,3,6,8,3,8,3,1,0,0,1,0,0,0,0,0,0,3,0,0,0,1,0,0,3,1,2,0,3,0,1,1,0,0,1,0,6,6,141,180,250,18,40.7%,79.8%,155,58,87,71,115,190,1,19.0,8,68.8%,16,0.16,11,1,4,2,11,16,65.4%,35,15,1,2.38,0.93,3.31,9,0,ATO vs FOR,2020-08-30,7ufagyfpmg0q5miihyn7181ec,16614,c2pdzdl3dgf5b0siidn2ay5ii:2126257,ATO vs FOR (2020-08-30)
39,1,15380,Pacific,6lkj3o21cr4g7bql6tb3fk222,Canadian Premier League (Canada),,5,5,1,3,2,1,2,1,4,0,4,0,0,0,0,2,0,2,0,0,0,1,1,2,5,83,32,440,194,131,2.26,2,2,2.14,3,3,0,8,8,27,5,3,55,16,0,0,606,42,7,7,9,41,77.8%,16,3,48,3,7,7,1,7,3,2,0,0,0,0,0,1,1,1,0,0,2,0,0,2,2,0,0,2,1,1,0,0,0,0,0,0,0,1,1,4,3,109,242,255,20,38.9%,73.9%,168,46,111,61,167,212,0,21.2,4,63.0%,27,1.44,13,0,3,2,5,7,50.3%,32,8,1,2.26,0.00,2.26,6,2,CAV vs PAC,2020-08-30,7uiktgg1hzmxb1oky4wpsigwk,15381,b3436h8h14zw7f1uv6w9vqf6y:2126258,CAV vs PAC (2020-08-30)
39,1,15381,Cavalry,6lkj3o21cr4g7bql6tb3fk222,Canadian Premier League (Canada),,5,5,0,3,2,1,1,1,4,2,0,1,1,0,0,1,0,0,0,1,0,1,0,2,4,72,22,390,179,117,1.44,1,0,0.52,1,0,1,4,5,15,2,1,42,4,1,1,576,55,4,8,11,33,42.9%,8,2,51,9,1,3,7,3,6,2,0,0,1,0,0,0,2,2,0,1,1,0,0,0,1,0,0,1,0,1,0,1,0,0,0,0,0,3,3,12,9,136,190,250,22,39.0%,75.9%,145,46,105,56,137,197,0,21.3,16,37.0%,27,2.26,15,0,1,1,14,21,51.3%,24,7,2,0.51,0.92,0.65,5,3,CAV vs PAC,2020-08-30,7uiktgg1hzmxb1oky4wpsigwk,15380,41ewt71n8fqwy6trsqta1bjvu:2126258,CAV vs PAC (2020-08-30)
39,1,16614,Atlético Ottawa,6lkj3o21cr4g7bql6tb3fk222,Canadian Premier League (Canada),,4,4,0,3,1,2,0,0,1,1,0,0,0,0,0,0,0,0,0,0,0,0,0,2,2,53,21,419,174,171,0.16,0,0,0.11,0,0,0,3,3,19,0,0,41,8,0,0,596,60,2,14,4,34,55.2%,13,6,43,3,9,9,3,3,6,1,0,0,1,0,0,0,2,2,0,0,2,0,0,2,1,0,0,2,2,0,0,0,0,1,0,0,0,2,4,0,6,129,174,293,8,30.8%,82.3%,209,54,82,64,119,236,0,17.7,13,31.3%,16,3.31,21,0,0,0,16,22,59.7%,24,8,2,0.16,0.00,0.16,3,2,ATO vs FOR,2020-08-30,7ufagyfpmg0q5miihyn7181ec,15377,dn8tjhuq0bax4dgixqvluhzze:2126257,ATO vs FOR (2020-08-30)
